<code_scheme name="Default" version="173">
  <Objective-C>
    <option name="INDENT_BLOCK_COMMENT" value="false" />
    <option name="DISCHARGED_SHORT_TERNARY_OPERATOR" value="true" />
  </Objective-C>
  <codeStyleSettings language="ObjectiveC">
    <indentOptions>
      <option name="USE_TAB_CHARACTER" value="true" />
      <option name="SMART_TABS" value="true" />
    </indentOptions>
  </codeStyleSettings>
  <codeStyleSettings language="Python">
    <option name="KEEP_LINE_BREAKS" value="false" />
    <option name="CALL_PARAMETERS_LPAREN_ON_NEXT_LINE" value="true" />
  </codeStyleSettings>
</code_scheme>