<application>
  <component name="XDebuggerSettings">
    <data-views />
    <general>
      <evaluation-dialog-mode>CODE_FRAGMENT</evaluation-dialog-mode>
    </general>
    <debuggers>
      <debugger id="ObjectiveC">
        <configuration>
          <nt-symbol-settings />
          <option name="SHOW_TYPE_TEMPLATE_ARGUMENTS" value="false" />
          <option name="STRIP_CXX_AUXILIARY_NAMESPACES" value="false" />
          <option name="VALUES_FILTER_ENABLED" value="false" />
        </configuration>
      </debugger>
    </debuggers>
  </component>
</application>