<application>
  <component name="CodeVisionSettings">
    <option name="codeVisionGroupToPosition">
      <map>
        <entry key="vcs.code.vision" value="Default" />
      </map>
    </option>
  </component>
  <component name="DeclarativeInlayHintsSettings">
    <option name="providerIdToEnabled">
      <map>
        <entry key="MdAutomatedCase" value="true" />
        <entry key="js.chain.hints" value="true" />
        <entry key="js.type.hints" value="true" />
        <entry key="oc.type.hints" value="true" />
        <entry key="ts.chain.hints" value="true" />
        <entry key="ts.enum.hints" value="true" />
        <entry key="ts.type.hints" value="true" />
      </map>
    </option>
  </component>
  <component name="EditorSettings">
    <option name="USE_SOFT_WRAPS" value="" />
    <option name="USE_CUSTOM_SOFT_WRAP_INDENT" value="false" />
    <option name="IS_WHEEL_FONTCHANGE_ENABLED" value="true" />
  </component>
  <component name="InlayHintsSettings">
    <option name="lastViewedProviderKeyId" value="Python.parameter.hints.old.python.show.hints.for.non-literal.arguments" />
    <settingsMapElement>
      <ObjectiveC.oc.type.hints>
        <ClionClangTypeHintSettings>
          <option name="showObviousTypes" value="true" />
        </ClionClangTypeHintSettings>
      </ObjectiveC.oc.type.hints>
      <JavaScript.js.type.hints>
        <Settings>
          <option name="showForFunctions" value="true" />
          <option name="showForShorthandFunctions" value="true" />
          <option name="showForVariablesAndFields" value="true" />
        </Settings>
      </JavaScript.js.type.hints>
      <TypeScript.ts.type.hints>
        <Settings>
          <option name="showForFunctions" value="true" />
          <option name="showForShorthandFunctions" value="true" />
          <option name="showForVariablesAndFields" value="true" />
        </Settings>
      </TypeScript.ts.type.hints>
      <SQL.sql.join.cardinality.hints>
        <Settings>
          <option name="showForFullJoin" value="true" />
          <option name="showForInnerJoin" value="true" />
          <option name="showForLeftJoin" value="true" />
          <option name="showForRightJoin" value="true" />
        </Settings>
      </SQL.sql.join.cardinality.hints>
    </settingsMapElement>
  </component>
  <component name="TodoConfiguration">
    <pattern pattern="\btodo\b.*" />
    <pattern pattern="\bfixme\b.*" />
  </component>
</application>