<application>
  <component name="ExportableFileTemplateSettings">
    <default_templates>
      <template name="codeforces.cpp" reformat="true" live-template-enabled="true" />
      <template name="data file.in" reformat="true" live-template-enabled="false">
        <template name="data file.in.child.0.out" file-name="${NAME}" reformat="true" live-template-enabled="false" />
      </template>
      <template name="data file.in.child.0.out" file-name="${NAME}" reformat="true" live-template-enabled="false" />
    </default_templates>
    <internal_templates>
      <template name="CMakeLists.txt" reformat="true" live-template-enabled="true" enabled="true" />
    </internal_templates>
  </component>
</application>