<keymap version="1" name="macOS copy" parent="Mac OS X 10.5+">
  <action id="Build">
    <keyboard-shortcut first-keystroke="meta f9" />
    <keyboard-shortcut first-keystroke="alt q" />
  </action>
  <action id="CPP.NewCMakeListsFile">
    <keyboard-shortcut first-keystroke="shift meta alt s" />
  </action>
  <action id="CPP.NewCppFile">
    <keyboard-shortcut first-keystroke="alt s" />
  </action>
  <action id="CodeCompletion">
    <keyboard-shortcut first-keystroke="shift meta space" />
  </action>
  <action id="NewDir">
    <keyboard-shortcut first-keystroke="shift ctrl s" />
  </action>
  <action id="NewFile">
    <keyboard-shortcut first-keystroke="shift alt s" />
  </action>
  <action id="SmartSearchAction">
    <keyboard-shortcut first-keystroke="alt d" />
  </action>
  <action id="Tool_External Tools_Run File Testing">
    <keyboard-shortcut first-keystroke="alt a" />
  </action>
  <action id="editRunConfigurations">
    <keyboard-shortcut first-keystroke="alt x" />
  </action>
  <action id="markdown.openDevtools">
    <keyboard-shortcut first-keystroke="meta alt x" />
  </action>
</keymap>